<?xml version='1.0' encoding='ISO-8859-1' ?>
<!-- $Revision: 1.1.6.2 $ $Date: 2007/09/18 01:15:51 $ -->

<toc version="1.0">

	<tocitem target="njtbxhelp.html">njTBX <tocitem target="getting_started.html"
			image="$toolbox/matlab/icons/greencircleicon.gif">Getting Started with the njTBX
			<tocitem target="environment_setup.html">Environment Setup</tocitem>
		           <tocitem target="Simple_examples.html">Quick Tutorial</tocitem>
		<tocitem target="njTools/userguide/user_guide.html" image="$toolbox/matlab/icons/bookicon.gif">User Guide</tocitem>
		<tocitem target="njTools/njFunc/njfunc.html" >NJ High-Level Functions 
			<tocitem target="njTools/njFunc/nj_attget.html">nj_attget</tocitem>
			<tocitem target="njTools/njFunc/nj_grid_varget.html">nj_grid_varget</tocitem>
			<tocitem target="njTools/njFunc/nj_info.html">nj_info</tocitem>
			<tocitem target="njTools/njFunc/nj_subsetGrid.html">nj_subsetGrid</tocitem>
			<tocitem target="njTools/njFunc/nj_time.html">nj_time</tocitem>
			<tocitem target="njTools/njFunc/nj_time_index.html">nj_time_index</tocitem>
			<tocitem target="njTools/njFunc/nj_tslice.html">nj_tslice</tocitem>
			<tocitem target="njTools/njFunc/nj_varget.html">nj_varget</tocitem>
			<tocitem target="njTools/njFunc/nj_writeNcMLtoFile.html">nj_writeNcMLtoFile</tocitem>
		</tocitem>
			<tocitem target="apidoc.html">API Documentation <tocitem
					target="njTools/njTBX-2.0/@mDataset/mDataset.html">mDataset Class <tocitem
						target="njTools/njTBX-2.0/@mDataset/close.html">close </tocitem>
					<tocitem target="njTools/njTBX-2.0/@mDataset/getAttributes.html">getAttributes</tocitem>
					<tocitem target="njTools/njTBX-2.0/@mDataset/getGeoGridVar.html">getGeoGridVar</tocitem>
					<tocitem target="njTools/njTBX-2.0/@mDataset/getInfo.html">getInfo </tocitem>
					<tocitem target="njTools/njTBX-2.0/@mDataset/getJDataset.html">getJDataset </tocitem>
					<tocitem target="njTools/njTBX-2.0/@mDataset/getVar.html">getVar</tocitem>
				</tocitem>
				<tocitem target="njTools/njTBX-2.0/@mGeoGridVar/mGeoGridVar.html">mGeoGridVar Class
						<tocitem target="njTools/njTBX-2.0/@mGeoGridVar/getAttributes.html">getAttributes</tocitem>
					<tocitem target="njTools/njTBX-2.0/@mGeoGridVar/getCoordSys.html">getCoordSys</tocitem>
					<tocitem target="njTools/njTBX-2.0/@mGeoGridVar/getData.html">getData</tocitem>
					<tocitem target="njTools/njTBX-2.0/@mGeoGridVar/getGrid.html">getGrid</tocitem>
					<tocitem target="njTools/njTBX-2.0/@mGeoGridVar/getShape.html">getShape</tocitem>
					<tocitem target="njTools/njTBX-2.0/@mGeoGridVar/subsetGeoGridVar.html"
						>subsetGeoGridVar</tocitem>
				</tocitem>
				<tocitem target="njTools/njTBX-2.0/@mGridCoordinates/mGridCoordinates.html"
					>mGridCoordinates Class <tocitem
						target="njTools/njTBX-2.0/@mGridCoordinates/getLatAxis.html">getLatAxis</tocitem>
					<tocitem target="njTools/njTBX-2.0/@mGridCoordinates/getLonAxis.html">getLonAxis</tocitem>
					<tocitem target="njTools/njTBX-2.0/@mGridCoordinates/getTimes.html">getTimes</tocitem>
					<tocitem target="njTools/njTBX-2.0/@mGridCoordinates/getVerticalAxis.html"
						>getVerticalAxis</tocitem>
				</tocitem>
				<tocitem target="njTools/njTBX-2.0/@mVar/mVar.html">mVar Class <tocitem
						target="njTools/njTBX-2.0/@mVar/getAttributes.html">getAttributes</tocitem>
					<tocitem target="njTools/njTBX-2.0/@mVar/getData.html">getData</tocitem>
					<tocitem target="njTools/njTBX-2.0/@mVar/getShape.html">getShape</tocitem>
					<tocitem target="njTools/njTBX-2.0/@mVar/getTimes.html">getTimes</tocitem>
					<tocitem target="njTools/njTBX-2.0/@mVar/isGridded.html">isGridded</tocitem>
				</tocitem>
			</tocitem>
			
		</tocitem>
		
		<tocitem target="../examples/html/demos.html" image="$toolbox/matlab/icons/demoicon.gif">njTBX Demos <tocitem
			target="../examples/html/bathy_comp.html" image="$toolbox/matlab/icons/demoicon.gif">bathy_comp</tocitem>
			<!--<tocitem target="../examples/html/comp_temp_data.html" image="$toolbox/matlab/icons/demoicon.gif">comp_temp_data</tocitem>-->
			<tocitem target="../examples/html/do_interop_bot_temp.html" image="$toolbox/matlab/icons/demoicon.gif">do_interop_bot_temp</tocitem>
			<tocitem target="../examples/html/do_interop_data.html" image="$toolbox/matlab/icons/demoicon.gif">do_interop_data</tocitem>
			<tocitem target="../examples/html/do_interop_plot3d.html" image="$toolbox/matlab/icons/demoicon.gif">do_interop_plot3d</tocitem>
			<tocitem target="../examples/html/do_interop_salt_comp.html" image="$toolbox/matlab/icons/demoicon.gif">do_interop_salt_comp</tocitem>
			<tocitem target="../examples/html/do_interop_temp_comp.html" image="$toolbox/matlab/icons/demoicon.gif">do_interop_temp_comp</tocitem>
			<tocitem target="../examples/html/gomoos_latest.html" image="$toolbox/matlab/icons/demoicon.gif">gomoos_latest</tocitem>
			<tocitem target="../examples/html/plot_isosurface.html" image="$toolbox/matlab/icons/demoicon.gif">plot_isosurface</tocitem>
			<tocitem target="../examples/html/test_plot2d_fvcom.html" image="$toolbox/matlab/icons/demoicon.gif">test_plot2d_fvcom</tocitem>
			<tocitem target="../examples/html/test_plot3d_fvcom.html" image="$toolbox/matlab/icons/demoicon.gif">test_plot3d_fvcom</tocitem>
			<tocitem target="../examples/html/test_cf_ugrid.html" image="$toolbox/matlab/icons/demoicon.gif">test_cf_ugrid</tocitem>
		</tocitem>
		<tocitem target="troubleshoot.html" image="$toolbox/matlab/icons/helpicon.gif">Troubleshooting</tocitem>
	</tocitem>
</toc>
